USE Eksamen2018;

INSERT INTO Sykkelstativ VALUES ('1000','Hønefoss Sentrum');
INSERT INTO Sykkelstativ VALUES ('2000','Hønefoss Bru');
INSERT INTO Sykkelstativ VALUES ('3000','Uno-X Nordsiden');
INSERT INTO Sykkelstativ VALUES ('4000','Søndre Park');
INSERT INTO Sykkelstativ VALUES ('5000','Kvernbergsund Bru');
INSERT INTO Sykkelstativ VALUES ('6000','AKA Arena');
INSERT INTO Sykkelstativ VALUES ('7000','Rema 1000 Osloveien');
INSERT INTO Sykkelstativ VALUES ('8000','Eikli');
INSERT INTO Sykkelstativ VALUES ('9000','Vestre Viken Sykehus');
INSERT INTO Sykkelstativ VALUES ('1100','Hvervenmoen Biltema');
INSERT INTO Sykkelstativ VALUES ('1200','Hvalsmoen leir');
INSERT INTO Sykkelstativ VALUES ('1300','Eggemoen');
INSERT INTO Sykkelstativ VALUES ('1400','Haugsbygda');
INSERT INTO Sykkelstativ VALUES ('1500','Norderhov');


INSERT INTO Kunde VALUES ('+4797021572','Morten','Aursland', '1234567891234567');
INSERT INTO Kunde VALUES ('+4711111111','Slavko','Radisevic', '1111111111111111');
INSERT INTO Kunde VALUES ('+4722222222','Jan Robert','Allum', '2222222222222222');
INSERT INTO Kunde VALUES ('+4733333333','Aziz','Fazlagic-Priganica', '3333333333333333');
INSERT INTO Kunde VALUES ('+4744444444','Ola','Nordmann', '4444444444444444');
INSERT INTO Kunde VALUES ('+4755555555','Kari','Nordmann', '5555555555555555');
INSERT INTO Kunde VALUES ('+4766666666','Frank','Søberg', '6666666666666666');
INSERT INTO Kunde VALUES ('+4777777777','Janne','Furuhagen', '7777777777777777');
INSERT INTO Kunde VALUES ('+4788888888','Trine','Grunnaleite', '8888888888888888');
INSERT INTO Kunde VALUES ('+4799999999','Stine','Rasmussen', '9999999999999999');
INSERT INTO Kunde VALUES ('+4700011111','Sondre','Hjelvik', '0000000011111111');
INSERT INTO Kunde VALUES ('+4700022222','Viktor','Borge', '0000000022222222');
INSERT INTO Kunde VALUES ('+4700033333','Elisabeth','Skogseid', '0000000033333333');
INSERT INTO Kunde VALUES ('+4700044444','Trine','Løken', '0000000044444444');
INSERT INTO Kunde VALUES ('+4700055555','Morten','Hansen', '0000000055555555');
INSERT INTO Kunde VALUES ('+4700066666','Andrea','Løken', '0000000066666666');
INSERT INTO Kunde VALUES ('+4700077777','Ola','Nerheim', '0000000077777777');
INSERT INTO Kunde VALUES ('+4700088888','Gudmund','Laksås', '0000000088888888');
INSERT INTO Kunde VALUES ('+4700099999','Irene','Teigen', '0000000099999999');

INSERT INTO Lås VALUES ('1000','1');		
INSERT INTO Lås VALUES ('1000','2');
INSERT INTO Lås VALUES ('1000','3');
INSERT INTO Lås VALUES ('1000','4');
INSERT INTO Lås VALUES ('1000','5');
INSERT INTO Lås VALUES ('1000','6');
INSERT INTO Lås VALUES ('1000','7');
INSERT INTO Lås VALUES ('1000','8');
INSERT INTO Lås VALUES ('1000','9');
INSERT INTO Lås VALUES ('1000','10');
INSERT INTO Lås VALUES ('1000','11');
INSERT INTO Lås VALUES ('1000','12');
INSERT INTO Lås VALUES ('1000','13');
INSERT INTO Lås VALUES ('1000','14');
INSERT INTO Lås VALUES ('1000','15');
INSERT INTO Lås VALUES ('1000','16');
INSERT INTO Lås VALUES ('1000','17');
INSERT INTO Lås VALUES ('1000','18');
INSERT INTO Lås VALUES ('1000','19');
INSERT INTO Lås VALUES ('1000','20');

INSERT INTO Lås VALUES ('2000','1');
INSERT INTO Lås VALUES ('2000','2');
INSERT INTO Lås VALUES ('2000','3');
INSERT INTO Lås VALUES ('2000','4');
INSERT INTO Lås VALUES ('2000','5');
INSERT INTO Lås VALUES ('2000','6');
INSERT INTO Lås VALUES ('2000','7');
INSERT INTO Lås VALUES ('2000','8');
INSERT INTO Lås VALUES ('2000','9');
INSERT INTO Lås VALUES ('2000','10');
INSERT INTO Lås VALUES ('2000','11');
INSERT INTO Lås VALUES ('2000','12');
INSERT INTO Lås VALUES ('2000','13');
INSERT INTO Lås VALUES ('2000','14');
INSERT INTO Lås VALUES ('2000','15');
INSERT INTO Lås VALUES ('2000','16');
INSERT INTO Lås VALUES ('2000','17');
INSERT INTO Lås VALUES ('2000','18');
INSERT INTO Lås VALUES ('2000','19');
INSERT INTO Lås VALUES ('2000','20');

INSERT INTO Lås VALUES ('3000','1');
INSERT INTO Lås VALUES ('3000','2');
INSERT INTO Lås VALUES ('3000','3');
INSERT INTO Lås VALUES ('3000','4');
INSERT INTO Lås VALUES ('3000','5');
INSERT INTO Lås VALUES ('3000','6');
INSERT INTO Lås VALUES ('3000','7');
INSERT INTO Lås VALUES ('3000','8');
INSERT INTO Lås VALUES ('3000','9');
INSERT INTO Lås VALUES ('3000','10');
INSERT INTO Lås VALUES ('3000','11');
INSERT INTO Lås VALUES ('3000','12');
INSERT INTO Lås VALUES ('3000','13');
INSERT INTO Lås VALUES ('3000','14');
INSERT INTO Lås VALUES ('3000','15');
INSERT INTO Lås VALUES ('3000','16');
INSERT INTO Lås VALUES ('3000','17');
INSERT INTO Lås VALUES ('3000','18');
INSERT INTO Lås VALUES ('3000','19');
INSERT INTO Lås VALUES ('3000','20');

INSERT INTO Lås VALUES ('4000','1');
INSERT INTO Lås VALUES ('4000','2');
INSERT INTO Lås VALUES ('4000','3');
INSERT INTO Lås VALUES ('4000','4');
INSERT INTO Lås VALUES ('4000','5');
INSERT INTO Lås VALUES ('4000','6');
INSERT INTO Lås VALUES ('4000','7');
INSERT INTO Lås VALUES ('4000','8');
INSERT INTO Lås VALUES ('4000','9');
INSERT INTO Lås VALUES ('4000','10');
INSERT INTO Lås VALUES ('4000','11');
INSERT INTO Lås VALUES ('4000','12');
INSERT INTO Lås VALUES ('4000','13');
INSERT INTO Lås VALUES ('4000','14');
-- INSERT INTO Lås VALUES ('4000','15');
-- INSERT INTO Lås VALUES ('4000','16');
-- INSERT INTO Lås VALUES ('4000','17');
-- INSERT INTO Lås VALUES ('4000','18');
-- INSERT INTO Lås VALUES ('4000','19');
-- INSERT INTO Lås VALUES ('4000','20');

INSERT INTO Lås VALUES ('5000','1');
INSERT INTO Lås VALUES ('5000','2');
INSERT INTO Lås VALUES ('5000','3');
INSERT INTO Lås VALUES ('5000','4');
INSERT INTO Lås VALUES ('5000','5');
INSERT INTO Lås VALUES ('5000','6');
INSERT INTO Lås VALUES ('5000','7');
INSERT INTO Lås VALUES ('5000','8');
INSERT INTO Lås VALUES ('5000','9');
INSERT INTO Lås VALUES ('5000','10');
INSERT INTO Lås VALUES ('5000','11');
INSERT INTO Lås VALUES ('5000','12');
INSERT INTO Lås VALUES ('5000','13');
INSERT INTO Lås VALUES ('5000','14');
INSERT INTO Lås VALUES ('5000','15');
INSERT INTO Lås VALUES ('5000','16');
INSERT INTO Lås VALUES ('5000','17');
INSERT INTO Lås VALUES ('5000','18');
INSERT INTO Lås VALUES ('5000','19');
INSERT INTO Lås VALUES ('5000','20');

INSERT INTO Lås VALUES ('6000','1');
INSERT INTO Lås VALUES ('6000','2');
INSERT INTO Lås VALUES ('6000','3');
INSERT INTO Lås VALUES ('6000','4');
INSERT INTO Lås VALUES ('6000','5');
INSERT INTO Lås VALUES ('6000','6');
INSERT INTO Lås VALUES ('6000','7');
INSERT INTO Lås VALUES ('6000','8');
INSERT INTO Lås VALUES ('6000','9');
INSERT INTO Lås VALUES ('6000','10');
INSERT INTO Lås VALUES ('6000','11');
INSERT INTO Lås VALUES ('6000','12');
INSERT INTO Lås VALUES ('6000','13');
INSERT INTO Lås VALUES ('6000','14');
INSERT INTO Lås VALUES ('6000','15');
INSERT INTO Lås VALUES ('6000','16');
INSERT INTO Lås VALUES ('6000','17');
INSERT INTO Lås VALUES ('6000','18');
INSERT INTO Lås VALUES ('6000','19');
INSERT INTO Lås VALUES ('6000','20');

INSERT INTO Lås VALUES ('7000','1');
INSERT INTO Lås VALUES ('7000','2');
INSERT INTO Lås VALUES ('7000','3');
INSERT INTO Lås VALUES ('7000','4');
INSERT INTO Lås VALUES ('7000','5');
INSERT INTO Lås VALUES ('7000','6');
INSERT INTO Lås VALUES ('7000','7');
INSERT INTO Lås VALUES ('7000','8');
INSERT INTO Lås VALUES ('7000','9');
INSERT INTO Lås VALUES ('7000','10');
INSERT INTO Lås VALUES ('7000','11');
INSERT INTO Lås VALUES ('7000','12');
INSERT INTO Lås VALUES ('7000','13');
INSERT INTO Lås VALUES ('7000','14');
INSERT INTO Lås VALUES ('7000','15');
INSERT INTO Lås VALUES ('7000','16');
INSERT INTO Lås VALUES ('7000','17');
INSERT INTO Lås VALUES ('7000','18');
INSERT INTO Lås VALUES ('7000','19');
INSERT INTO Lås VALUES ('7000','20');

INSERT INTO Lås VALUES ('8000','1');
INSERT INTO Lås VALUES ('8000','2');
INSERT INTO Lås VALUES ('8000','3');
INSERT INTO Lås VALUES ('8000','4');
INSERT INTO Lås VALUES ('8000','5');
INSERT INTO Lås VALUES ('8000','6');
INSERT INTO Lås VALUES ('8000','7');
INSERT INTO Lås VALUES ('8000','8');
INSERT INTO Lås VALUES ('8000','9');
INSERT INTO Lås VALUES ('8000','10');
INSERT INTO Lås VALUES ('8000','11');
INSERT INTO Lås VALUES ('8000','12');
INSERT INTO Lås VALUES ('8000','13');
INSERT INTO Lås VALUES ('8000','14');
INSERT INTO Lås VALUES ('8000','15');
INSERT INTO Lås VALUES ('8000','16');
-- INSERT INTO Lås VALUES ('8000','17');
-- INSERT INTO Lås VALUES ('8000','18');
-- INSERT INTO Lås VALUES ('8000','19');
-- INSERT INTO Lås VALUES ('8000','20');

INSERT INTO Lås VALUES ('9000','1');
INSERT INTO Lås VALUES ('9000','2');
INSERT INTO Lås VALUES ('9000','3');
INSERT INTO Lås VALUES ('9000','4');
INSERT INTO Lås VALUES ('9000','5');
INSERT INTO Lås VALUES ('9000','6');
INSERT INTO Lås VALUES ('9000','7');
INSERT INTO Lås VALUES ('9000','8');
INSERT INTO Lås VALUES ('9000','9');
INSERT INTO Lås VALUES ('9000','10');
INSERT INTO Lås VALUES ('9000','11');
INSERT INTO Lås VALUES ('9000','12');
INSERT INTO Lås VALUES ('9000','13');
INSERT INTO Lås VALUES ('9000','14');
INSERT INTO Lås VALUES ('9000','15');
INSERT INTO Lås VALUES ('9000','16');
INSERT INTO Lås VALUES ('9000','17');
INSERT INTO Lås VALUES ('9000','18');
INSERT INTO Lås VALUES ('9000','19');
INSERT INTO Lås VALUES ('9000','20');

INSERT INTO Lås VALUES ('1100','1');
INSERT INTO Lås VALUES ('1100','2');
INSERT INTO Lås VALUES ('1100','3');
INSERT INTO Lås VALUES ('1100','4');
INSERT INTO Lås VALUES ('1100','5');
INSERT INTO Lås VALUES ('1100','6');
INSERT INTO Lås VALUES ('1100','7');
INSERT INTO Lås VALUES ('1100','8');
INSERT INTO Lås VALUES ('1100','9');
INSERT INTO Lås VALUES ('1100','10');
INSERT INTO Lås VALUES ('1100','11');
INSERT INTO Lås VALUES ('1100','12');
INSERT INTO Lås VALUES ('1100','13');
INSERT INTO Lås VALUES ('1100','14');
INSERT INTO Lås VALUES ('1100','15');
INSERT INTO Lås VALUES ('1100','16');
INSERT INTO Lås VALUES ('1100','17');
INSERT INTO Lås VALUES ('1100','18');
INSERT INTO Lås VALUES ('1100','19');
INSERT INTO Lås VALUES ('1100','20');

INSERT INTO Lås VALUES ('1200','1');
INSERT INTO Lås VALUES ('1200','2');
INSERT INTO Lås VALUES ('1200','3');
INSERT INTO Lås VALUES ('1200','4');
INSERT INTO Lås VALUES ('1200','5');
INSERT INTO Lås VALUES ('1200','6');
INSERT INTO Lås VALUES ('1200','7');
INSERT INTO Lås VALUES ('1200','8');
INSERT INTO Lås VALUES ('1200','9');
INSERT INTO Lås VALUES ('1200','10');
INSERT INTO Lås VALUES ('1200','11');
INSERT INTO Lås VALUES ('1200','12');
INSERT INTO Lås VALUES ('1200','13');
INSERT INTO Lås VALUES ('1200','14');
INSERT INTO Lås VALUES ('1200','15');
INSERT INTO Lås VALUES ('1200','16');
INSERT INTO Lås VALUES ('1200','17');
INSERT INTO Lås VALUES ('1200','18');
INSERT INTO Lås VALUES ('1200','19');
INSERT INTO Lås VALUES ('1200','20');

INSERT INTO Lås VALUES ('1300','1');
INSERT INTO Lås VALUES ('1300','2');
INSERT INTO Lås VALUES ('1300','3');
INSERT INTO Lås VALUES ('1300','4');
INSERT INTO Lås VALUES ('1300','5');
INSERT INTO Lås VALUES ('1300','6');
INSERT INTO Lås VALUES ('1300','7');
INSERT INTO Lås VALUES ('1300','8');
INSERT INTO Lås VALUES ('1300','9');
INSERT INTO Lås VALUES ('1300','10');
INSERT INTO Lås VALUES ('1300','11');
INSERT INTO Lås VALUES ('1300','12');
INSERT INTO Lås VALUES ('1300','13');
INSERT INTO Lås VALUES ('1300','14');
INSERT INTO Lås VALUES ('1300','15');
INSERT INTO Lås VALUES ('1300','16');
-- INSERT INTO Lås VALUES ('1300','17');
-- INSERT INTO Lås VALUES ('1300','18');
-- INSERT INTO Lås VALUES ('1300','19');
-- INSERT INTO Lås VALUES ('1300','20');

INSERT INTO Lås VALUES ('1400','1');
INSERT INTO Lås VALUES ('1400','2');
INSERT INTO Lås VALUES ('1400','3');
INSERT INTO Lås VALUES ('1400','4');
INSERT INTO Lås VALUES ('1400','5');
INSERT INTO Lås VALUES ('1400','6');
INSERT INTO Lås VALUES ('1400','7');
INSERT INTO Lås VALUES ('1400','8');
INSERT INTO Lås VALUES ('1400','9');
INSERT INTO Lås VALUES ('1400','10');
INSERT INTO Lås VALUES ('1400','11');
INSERT INTO Lås VALUES ('1400','12');
INSERT INTO Lås VALUES ('1400','13');
INSERT INTO Lås VALUES ('1400','14');
INSERT INTO Lås VALUES ('1400','15');
INSERT INTO Lås VALUES ('1400','16');
INSERT INTO Lås VALUES ('1400','17');
INSERT INTO Lås VALUES ('1400','18');
-- INSERT INTO Lås VALUES ('1400','19');
-- INSERT INTO Lås VALUES ('1400','20');

INSERT INTO Lås VALUES ('1500','1');
INSERT INTO Lås VALUES ('1500','2');
INSERT INTO Lås VALUES ('1500','3');
INSERT INTO Lås VALUES ('1500','4');
INSERT INTO Lås VALUES ('1500','5');
INSERT INTO Lås VALUES ('1500','6');
INSERT INTO Lås VALUES ('1500','7');
INSERT INTO Lås VALUES ('1500','8');
INSERT INTO Lås VALUES ('1500','9');
INSERT INTO Lås VALUES ('1500','10');
INSERT INTO Lås VALUES ('1500','11');
INSERT INTO Lås VALUES ('1500','12');
INSERT INTO Lås VALUES ('1500','13');
INSERT INTO Lås VALUES ('1500','14');
INSERT INTO Lås VALUES ('1500','15');
INSERT INTO Lås VALUES ('1500','16');
-- INSERT INTO Lås VALUES ('1500','17');
-- INSERT INTO Lås VALUES ('1500','18');
-- INSERT INTO Lås VALUES ('1500','19');
-- INSERT INTO Lås VALUES ('1500','20');


INSERT INTO Sykkel VALUES ('1001','20180101','1000', '1');
INSERT INTO Sykkel VALUES ('1002','20180101','1000', '2');
INSERT INTO Sykkel VALUES ('1003','20180101','1000', '3');
INSERT INTO Sykkel VALUES ('1004','20180101','1000', '4');
INSERT INTO Sykkel VALUES ('1005','20180101','1000', '5');
INSERT INTO Sykkel VALUES ('1006','20180101','1000', '6');
INSERT INTO Sykkel VALUES ('1007','20180101','1000', '7');
INSERT INTO Sykkel VALUES ('1008','20180101','1000', '8');
INSERT INTO Sykkel VALUES ('1009','20180101','1000', '9');
INSERT INTO Sykkel VALUES ('1010','20180101','1000', '10');
INSERT INTO Sykkel VALUES ('1011','20180101','1000', '11');
INSERT INTO Sykkel VALUES ('1012','20180101','1000', '12');
INSERT INTO Sykkel VALUES ('1013','20180221','1000', '13');
INSERT INTO Sykkel VALUES ('1014','20180221','1000', '14');
INSERT INTO Sykkel VALUES ('1015','20180221','1000', '15');
INSERT INTO Sykkel VALUES ('1016','20180221','1000', '16');
INSERT INTO Sykkel VALUES ('1017','20180221','1000', '17');
INSERT INTO Sykkel VALUES ('1018','20180221','1000', '18');
INSERT INTO Sykkel VALUES ('1019','20180221','1000', '19');
INSERT INTO Sykkel VALUES ('1020','20180221','1000', '20');
INSERT INTO Sykkel VALUES ('1021','20180315','2000', '1');
INSERT INTO Sykkel VALUES ('1022','20180315','2000', '2');
INSERT INTO Sykkel VALUES ('1023','20180315','2000', '3');
INSERT INTO Sykkel VALUES ('1024','20180315','2000', '4');
INSERT INTO Sykkel VALUES ('1025','20180315','2000', '5');
INSERT INTO Sykkel VALUES ('1026','20180315','2000', '6');
INSERT INTO Sykkel VALUES ('1027','20180315','2000', '7');
INSERT INTO Sykkel VALUES ('1028','20180315','2000', '8');
INSERT INTO Sykkel VALUES ('1029','20180315','3000', '10');
INSERT INTO Sykkel VALUES ('1030','20180315','3000', '15');
INSERT INTO Sykkel VALUES ('1031','20180315', NULL, NULL);
INSERT INTO Sykkel VALUES ('1032','20180315', NULL, NULL);
INSERT INTO Sykkel VALUES ('1033','20180420', NULL, NULL);
INSERT INTO Sykkel VALUES ('1034','20180420', NULL, NULL);
INSERT INTO Sykkel VALUES ('1035','20180420', NULL, NULL);
INSERT INTO Sykkel VALUES ('1036','20180420', NULL, NULL);
INSERT INTO Sykkel VALUES ('1037','20180420', NULL, NULL);
INSERT INTO Sykkel VALUES ('1038','20180420', NULL, NULL);
INSERT INTO Sykkel VALUES ('1039','20180420','8000', '7');
INSERT INTO Sykkel VALUES ('1040','20180430','1100', '11');
INSERT INTO Sykkel VALUES ('1041','20180430','1100', '15');
INSERT INTO Sykkel VALUES ('1042','20180430','1100', '20');
INSERT INTO Sykkel VALUES ('1043','20180430','1500', '14');
INSERT INTO Sykkel VALUES ('1044','20180430','9000', '1');
INSERT INTO Sykkel VALUES ('1045','20180430','9000', '2');
INSERT INTO Sykkel VALUES ('1046','20180430','9000', '3');
INSERT INTO Sykkel VALUES ('1047','20180430','9000', '4');
INSERT INTO Sykkel VALUES ('1048','20180430','9000', '5');
INSERT INTO Sykkel VALUES ('1049','20180430','9000', '6');
INSERT INTO Sykkel VALUES ('1050','20180430','9000', '7');
INSERT INTO Sykkel VALUES ('1051','20180430','9000', '8');
INSERT INTO Sykkel VALUES ('1052','20180430','9000', '9');
INSERT INTO Sykkel VALUES ('1053','20180430','9000', '10');
INSERT INTO Sykkel VALUES ('1054','20180430','9000', '11');
INSERT INTO Sykkel VALUES ('1055','20180430','9000', '12');
INSERT INTO Sykkel VALUES ('1056','20180430','9000', '13');
INSERT INTO Sykkel VALUES ('1063','20180430','9000', '14');
INSERT INTO Sykkel VALUES ('1057','20180430','9000', '15');
INSERT INTO Sykkel VALUES ('1058','20180430','9000', '16');
INSERT INTO Sykkel VALUES ('1059','20180430','9000', '17');
INSERT INTO Sykkel VALUES ('1060','20180430','9000', '18');
INSERT INTO Sykkel VALUES ('1061','20180430','9000', '19');
INSERT INTO Sykkel VALUES ('1062','20180430','9000', '20');

INSERT INTO Sykkel VALUES ('1064','20180430','4000', '1');
INSERT INTO Sykkel VALUES ('1065','20180430','4000', '2');
INSERT INTO Sykkel VALUES ('1066','20180430','4000', '3');
INSERT INTO Sykkel VALUES ('1067','20180430','4000', '4');
INSERT INTO Sykkel VALUES ('1068','20180430','4000', '5');
INSERT INTO Sykkel VALUES ('1069','20180430','4000', '6');
INSERT INTO Sykkel VALUES ('1070','20180430','4000', '7');
INSERT INTO Sykkel VALUES ('1071','20180430','4000', '8');
INSERT INTO Sykkel VALUES ('1072','20180430','4000', '9');
INSERT INTO Sykkel VALUES ('1073','20180430','4000', '10');
INSERT INTO Sykkel VALUES ('1074','20180430','4000', '11');
INSERT INTO Sykkel VALUES ('1075','20180430','4000', '12');
INSERT INTO Sykkel VALUES ('1076','20180430','4000', '13');
INSERT INTO Sykkel VALUES ('1077','20180430','4000', '14');

INSERT INTO Utleie VALUES ('1031','2018-05-08 10:15:00','+4797021572', NULL, NULL);
INSERT INTO Utleie VALUES ('1032','2018-05-08 19:00:00','+4711111111', NULL, NULL);
INSERT INTO Utleie VALUES ('1033','2018-05-08 19:30:00','+4722222222', NULL, NULL);
INSERT INTO Utleie VALUES ('1034','2018-05-08 21:00:00','+4755555555', NULL, NULL);
INSERT INTO Utleie VALUES ('1035','2018-05-08 15:00:00','+4766666666', NULL, NULL);
INSERT INTO Utleie VALUES ('1036','2018-05-08 15:00:00','+4799999999', NULL, NULL);
INSERT INTO Utleie VALUES ('1037','2018-05-09 15:00:00','+4744444444', NULL, NULL);
INSERT INTO Utleie VALUES ('1038','2018-05-08 21:00:00','+4700099999', NULL, NULL);
INSERT INTO Utleie VALUES ('1001','20180428','+4797021572', '20180429', '20.23');
INSERT INTO Utleie VALUES ('1002','20180428','+4744444444', '20180430', '40.05');
INSERT INTO Utleie VALUES ('1010','20180420','+4700099999', '20180425', '81.50');
INSERT INTO Utleie VALUES ('1025','20180421','+4711111111', '20180421', '10.23');
INSERT INTO Utleie VALUES ('1032','20180415','+4711111111', '20180425', '120.05');
INSERT INTO Utleie VALUES ('1014','20180419','+4788888888', '20180425', '102.50');
INSERT INTO Utleie VALUES ('1028','20180315','+4799999999', '20180325', '102.23');
INSERT INTO Utleie VALUES ('1004','20180318','+4744444444', '20180322', '70.05');
INSERT INTO Utleie VALUES ('1009','20180325','+4700099999', '20180329', '76.50');
INSERT INTO Utleie VALUES ('1031','20180318','+4744444444', '20180322', '70.05');
INSERT INTO Utleie VALUES ('1036','20180325','+4700099999', '20180329', '76.50');
INSERT INTO Utleie VALUES ('1001','20180318','+4744444444', '20180322', '70.05');
INSERT INTO Utleie VALUES ('1001','20180325','+4700099999', '20180329', '76.50');
INSERT INTO Utleie VALUES ('1001','20180506','+4744444444', '20180507', '70.05');
INSERT INTO Utleie VALUES ('1002','20180508','+4700099999', '20180508', '76.50');
INSERT INTO Utleie VALUES ('1002','20180509','+4744444444', '20180510', '70.05');
INSERT INTO Utleie VALUES ('1010','20180509','+4700099999', '20180510', '76.50');

